Workbook

Sheet Database
A1: Ingrediënt | B1: Energie (kcal) | C1: Vet (g) | D1: Verzadigd vet (g) | E1: Koolhydraten (g) | F1: Suikers (g) | G1: Vezels (g) | H1: Eiwitten (g) | I1: Zout (g) | J1: Website-ID | K1: Website bijgewerkt
A2: Curcuma | B2: 312 | C2: 3,3 | D2: 0 | E2: 67,1 | F2: 3,2 | G2: 22,7 | H2: 9,7 | I2: 0,07
A3: Witte basterdsuiker | B3: 396 | C3: 0 | D3: 0 | E3: 99 | F3: 99 | G3: 0 | H3: 0 | I3: 0
A4: Zout | B4: 0 | C4: 0 | D4: 0 | E4: 0 | F4: 0 | G4: 0 | H4: 0 | I4: 97,5
A5: Bloem | B5: 340 | C5: 1 | D5: 0 | E5: 71 | F5: 1 | G5: 4 | H5: 10 | I5: 0
A13: hallo | B13: =C13*9+E13*4+H13*4 -> 305 | C13: 5 | D13: 1 | E13: 60 | F13: 5 | G13: 0 | H13: 5 | I13: 1 | J13: 1 | K13: 2026-09-14T10:03:40.000Z

Sheet Recepten
A1: Kies ingrediënt | B1: Kies verhouding | C1: Energie (kcal) | D1: Vet (g) | E1: Verzadigd vet (g) | F1: Koolhydraten (g) | G1: Suikers (g) | H1: Vezels (g) | I1: Eiwitten (g) | J1: Zout (g) | L1: Totaal | M1: Energie (kcal) | N1: Vet (g) | O1: Verzadigd vet (g) | P1: Koolhydraten (g) | Q1: Suikers (g) | R1: Vezels (g) | S1: Eiwitten (g) | T1: Zout (g) | U1: ="Voedingswaarden per 100 g"&CHAR(10)&"Energie: "&ROUND(M2,0)&" kcal"&CHAR(10)&"Vetten: "&ROUND(N2,1)&" g"&CHAR(10)&"waarvan verzadigde vetzuren: "&ROUND(O2,1)&" g"&CHAR(10)&"Koolhydraten: "&ROUND(P2,1)&" g"&CHAR(10)&"waarvan suikers: "&ROUND(Q2,1)&" g"&CHAR(10)&"Vezels: "&ROUND(R2,1)&" g"&CHAR(10)&"Eiwitten: "&ROUND(S2,1)&" g"&CHAR(10)&"Zout: "&ROUND(T2,1)&" g" -> Voedingswaarden per 100 g Energie: 354 kcal Vetten: 0.6 g waarvan verzadigde vetzuren: 0 g Koolhydraten: 80.4 g waarvan suikers: 38.2 g Vezels: 2.5 g Eiwitten: 6 g Zout: 19.5 g
A2: Curcuma | B2: 0.0003 | C2: =IFERROR(_xlfn.XLOOKUP($A2,Database!$A$2:$A$100,Database!B$2:B$100)*$B2,0) -> 0.0936 | D2: =IFERROR(_xlfn.XLOOKUP($A2,Database!$A$2:$A$100,Database!C$2:C$100)*$B2,0) -> 0.0099 | E2: =IFERROR(_xlfn.XLOOKUP($A2,Database!$A$2:$A$100,Database!D$2:D$100)*$B2,0) -> 0 | F2: =IFERROR(_xlfn.XLOOKUP($A2,Database!$A$2:$A$100,Database!E$2:E$100)*$B2,0) -> 0.2013 | G2: =IFERROR(_xlfn.XLOOKUP($A2,Database!$A$2:$A$100,Database!F$2:F$100)*$B2,0) -> 0.0096 | H2: =IFERROR(_xlfn.XLOOKUP($A2,Database!$A$2:$A$100,Database!G$2:G$100)*$B2,0) -> 0.0681 | I2: =IFERROR(_xlfn.XLOOKUP($A2,Database!$A$2:$A$100,Database!H$2:H$100)*$B2,0) -> 0.0291 | J2: =IFERROR(_xlfn.XLOOKUP($A2,Database!$A$2:$A$100,Database!I$2:I$100)*$B2,0) -> 0.0021 | L2: =IF(ABS(SUM(B2:B100)-100%)<0.0001,"Correct","Precentages moet 100% zijn") -> Correct | M2: =SUM(C2:C100) -> 354.4716 | N2: =SUM(D2:D100) -> 0.6096 | O2: =SUM(E2:E100) -> 0 | P2: =SUM(F2:F100) -> 80.4 | Q2: =SUM(G2:G100) -> 38.2293 | R2: =SUM(H2:H100) -> 2.4669 | S2: =SUM(I2:I100) -> 6.0261 | T2: =SUM(J2:J100) -> 19.5021
A3: Witte basterdsuiker | B3: 0.38 | C3: =IFERROR(_xlfn.XLOOKUP($A3,Database!$A$2:$A$100,Database!B$2:B$100)*$B3,0) -> 150.48 | D3: =IFERROR(_xlfn.XLOOKUP($A3,Database!$A$2:$A$100,Database!C$2:C$100)*$B3,0) -> 0 | E3: =IFERROR(_xlfn.XLOOKUP($A3,Database!$A$2:$A$100,Database!D$2:D$100)*$B3,0) -> 0 | F3: =IFERROR(_xlfn.XLOOKUP($A3,Database!$A$2:$A$100,Database!E$2:E$100)*$B3,0) -> 37.62 | G3: =IFERROR(_xlfn.XLOOKUP($A3,Database!$A$2:$A$100,Database!F$2:F$100)*$B3,0) -> 37.62 | H3: =IFERROR(_xlfn.XLOOKUP($A3,Database!$A$2:$A$100,Database!G$2:G$100)*$B3,0) -> 0 | I3: =IFERROR(_xlfn.XLOOKUP($A3,Database!$A$2:$A$100,Database!H$2:H$100)*$B3,0) -> 0 | J3: =IFERROR(_xlfn.XLOOKUP($A3,Database!$A$2:$A$100,Database!I$2:I$100)*$B3,0) -> 0
A4: Zout | B4: 0.02 | C4: =IFERROR(_xlfn.XLOOKUP($A4,Database!$A$2:$A$100,Database!B$2:B$100)*$B4,0) -> 0 | D4: =IFERROR(_xlfn.XLOOKUP($A4,Database!$A$2:$A$100,Database!C$2:C$100)*$B4,0) -> 0 | E4: =IFERROR(_xlfn.XLOOKUP($A4,Database!$A$2:$A$100,Database!D$2:D$100)*$B4,0) -> 0 | F4: =IFERROR(_xlfn.XLOOKUP($A4,Database!$A$2:$A$100,Database!E$2:E$100)*$B4,0) -> 0 | G4: =IFERROR(_xlfn.XLOOKUP($A4,Database!$A$2:$A$100,Database!F$2:F$100)*$B4,0) -> 0 | H4: =IFERROR(_xlfn.XLOOKUP($A4,Database!$A$2:$A$100,Database!G$2:G$100)*$B4,0) -> 0 | I4: =IFERROR(_xlfn.XLOOKUP($A4,Database!$A$2:$A$100,Database!H$2:H$100)*$B4,0) -> 0 | J4: =IFERROR(_xlfn.XLOOKUP($A4,Database!$A$2:$A$100,Database!I$2:I$100)*$B4,0) -> 19.5
A5: Bloem | B5: 0.5997 | C5: =IFERROR(_xlfn.XLOOKUP($A5,Database!$A$2:$A$100,Database!B$2:B$100)*$B5,0) -> 203.898 | D5: =IFERROR(_xlfn.XLOOKUP($A5,Database!$A$2:$A$100,Database!C$2:C$100)*$B5,0) -> 0.5997 | E5: =IFERROR(_xlfn.XLOOKUP($A5,Database!$A$2:$A$100,Database!D$2:D$100)*$B5,0) -> 0 | F5: =IFERROR(_xlfn.XLOOKUP($A5,Database!$A$2:$A$100,Database!E$2:E$100)*$B5,0) -> 42.5787 | G5: =IFERROR(_xlfn.XLOOKUP($A5,Database!$A$2:$A$100,Database!F$2:F$100)*$B5,0) -> 0.5997 | H5: =IFERROR(_xlfn.XLOOKUP($A5,Database!$A$2:$A$100,Database!G$2:G$100)*$B5,0) -> 2.3988 | I5: =IFERROR(_xlfn.XLOOKUP($A5,Database!$A$2:$A$100,Database!H$2:H$100)*$B5,0) -> 5.997 | J5: =IFERROR(_xlfn.XLOOKUP($A5,Database!$A$2:$A$100,Database!I$2:I$100)*$B5,0) -> 0
C6: =IFERROR(_xlfn.XLOOKUP($A6,Database!$A$2:$A$100,Database!B$2:B$100)*$B6,0) -> 0 | D6: =IFERROR(_xlfn.XLOOKUP($A6,Database!$A$2:$A$100,Database!C$2:C$100)*$B6,0) -> 0 | E6: =IFERROR(_xlfn.XLOOKUP($A6,Database!$A$2:$A$100,Database!D$2:D$100)*$B6,0) -> 0 | F6: =IFERROR(_xlfn.XLOOKUP($A6,Database!$A$2:$A$100,Database!E$2:E$100)*$B6,0) -> 0 | G6: =IFERROR(_xlfn.XLOOKUP($A6,Database!$A$2:$A$100,Database!F$2:F$100)*$B6,0) -> 0 | H6: =IFERROR(_xlfn.XLOOKUP($A6,Database!$A$2:$A$100,Database!G$2:G$100)*$B6,0) -> 0 | I6: =IFERROR(_xlfn.XLOOKUP($A6,Database!$A$2:$A$100,Database!H$2:H$100)*$B6,0) -> 0 | J6: =IFERROR(_xlfn.XLOOKUP($A6,Database!$A$2:$A$100,Database!I$2:I$100)*$B6,0) -> 0
C7: =IFERROR(_xlfn.XLOOKUP($A7,Database!$A$2:$A$100,Database!B$2:B$100)*$B7,0) -> 0 | D7: =IFERROR(_xlfn.XLOOKUP($A7,Database!$A$2:$A$100,Database!C$2:C$100)*$B7,0) -> 0 | E7: =IFERROR(_xlfn.XLOOKUP($A7,Database!$A$2:$A$100,Database!D$2:D$100)*$B7,0) -> 0 | F7: =IFERROR(_xlfn.XLOOKUP($A7,Database!$A$2:$A$100,Database!E$2:E$100)*$B7,0) -> 0 | G7: =IFERROR(_xlfn.XLOOKUP($A7,Database!$A$2:$A$100,Database!F$2:F$100)*$B7,0) -> 0 | H7: =IFERROR(_xlfn.XLOOKUP($A7,Database!$A$2:$A$100,Database!G$2:G$100)*$B7,0) -> 0 | I7: =IFERROR(_xlfn.XLOOKUP($A7,Database!$A$2:$A$100,Database!H$2:H$100)*$B7,0) -> 0 | J7: =IFERROR(_xlfn.XLOOKUP($A7,Database!$A$2:$A$100,Database!I$2:I$100)*$B7,0) -> 0
C8: =IFERROR(_xlfn.XLOOKUP($A8,Database!$A$2:$A$100,Database!B$2:B$100)*$B8,0) -> 0 | D8: =IFERROR(_xlfn.XLOOKUP($A8,Database!$A$2:$A$100,Database!C$2:C$100)*$B8,0) -> 0 | E8: =IFERROR(_xlfn.XLOOKUP($A8,Database!$A$2:$A$100,Database!D$2:D$100)*$B8,0) -> 0 | F8: =IFERROR(_xlfn.XLOOKUP($A8,Database!$A$2:$A$100,Database!E$2:E$100)*$B8,0) -> 0 | G8: =IFERROR(_xlfn.XLOOKUP($A8,Database!$A$2:$A$100,Database!F$2:F$100)*$B8,0) -> 0 | H8: =IFERROR(_xlfn.XLOOKUP($A8,Database!$A$2:$A$100,Database!G$2:G$100)*$B8,0) -> 0 | I8: =IFERROR(_xlfn.XLOOKUP($A8,Database!$A$2:$A$100,Database!H$2:H$100)*$B8,0) -> 0 | J8: =IFERROR(_xlfn.XLOOKUP($A8,Database!$A$2:$A$100,Database!I$2:I$100)*$B8,0) -> 0
C9: =IFERROR(_xlfn.XLOOKUP($A9,Database!$A$2:$A$100,Database!B$2:B$100)*$B9,0) -> 0 | D9: =IFERROR(_xlfn.XLOOKUP($A9,Database!$A$2:$A$100,Database!C$2:C$100)*$B9,0) -> 0 | E9: =IFERROR(_xlfn.XLOOKUP($A9,Database!$A$2:$A$100,Database!D$2:D$100)*$B9,0) -> 0 | F9: =IFERROR(_xlfn.XLOOKUP($A9,Database!$A$2:$A$100,Database!E$2:E$100)*$B9,0) -> 0 | G9: =IFERROR(_xlfn.XLOOKUP($A9,Database!$A$2:$A$100,Database!F$2:F$100)*$B9,0) -> 0 | H9: =IFERROR(_xlfn.XLOOKUP($A9,Database!$A$2:$A$100,Database!G$2:G$100)*$B9,0) -> 0 | I9: =IFERROR(_xlfn.XLOOKUP($A9,Database!$A$2:$A$100,Database!H$2:H$100)*$B9,0) -> 0 | J9: =IFERROR(_xlfn.XLOOKUP($A9,Database!$A$2:$A$100,Database!I$2:I$100)*$B9,0) -> 0
C10: =IFERROR(_xlfn.XLOOKUP($A10,Database!$A$2:$A$100,Database!B$2:B$100)*$B10,0) -> 0 | D10: =IFERROR(_xlfn.XLOOKUP($A10,Database!$A$2:$A$100,Database!C$2:C$100)*$B10,0) -> 0 | E10: =IFERROR(_xlfn.XLOOKUP($A10,Database!$A$2:$A$100,Database!D$2:D$100)*$B10,0) -> 0 | F10: =IFERROR(_xlfn.XLOOKUP($A10,Database!$A$2:$A$100,Database!E$2:E$100)*$B10,0) -> 0 | G10: =IFERROR(_xlfn.XLOOKUP($A10,Database!$A$2:$A$100,Database!F$2:F$100)*$B10,0) -> 0 | H10: =IFERROR(_xlfn.XLOOKUP($A10,Database!$A$2:$A$100,Database!G$2:G$100)*$B10,0) -> 0 | I10: =IFERROR(_xlfn.XLOOKUP($A10,Database!$A$2:$A$100,Database!H$2:H$100)*$B10,0) -> 0 | J10: =IFERROR(_xlfn.XLOOKUP($A10,Database!$A$2:$A$100,Database!I$2:I$100)*$B10,0) -> 0
C11: =IFERROR(_xlfn.XLOOKUP($A11,Database!$A$2:$A$100,Database!B$2:B$100)*$B11,0) -> 0 | D11: =IFERROR(_xlfn.XLOOKUP($A11,Database!$A$2:$A$100,Database!C$2:C$100)*$B11,0) -> 0 | E11: =IFERROR(_xlfn.XLOOKUP($A11,Database!$A$2:$A$100,Database!D$2:D$100)*$B11,0) -> 0 | F11: =IFERROR(_xlfn.XLOOKUP($A11,Database!$A$2:$A$100,Database!E$2:E$100)*$B11,0) -> 0 | G11: =IFERROR(_xlfn.XLOOKUP($A11,Database!$A$2:$A$100,Database!F$2:F$100)*$B11,0) -> 0 | H11: =IFERROR(_xlfn.XLOOKUP($A11,Database!$A$2:$A$100,Database!G$2:G$100)*$B11,0) -> 0 | I11: =IFERROR(_xlfn.XLOOKUP($A11,Database!$A$2:$A$100,Database!H$2:H$100)*$B11,0) -> 0 | J11: =IFERROR(_xlfn.XLOOKUP($A11,Database!$A$2:$A$100,Database!I$2:I$100)*$B11,0) -> 0
C12: =IFERROR(_xlfn.XLOOKUP($A12,Database!$A$2:$A$100,Database!B$2:B$100)*$B12,0) -> 0 | D12: =IFERROR(_xlfn.XLOOKUP($A12,Database!$A$2:$A$100,Database!C$2:C$100)*$B12,0) -> 0 | E12: =IFERROR(_xlfn.XLOOKUP($A12,Database!$A$2:$A$100,Database!D$2:D$100)*$B12,0) -> 0 | F12: =IFERROR(_xlfn.XLOOKUP($A12,Database!$A$2:$A$100,Database!E$2:E$100)*$B12,0) -> 0 | G12: =IFERROR(_xlfn.XLOOKUP($A12,Database!$A$2:$A$100,Database!F$2:F$100)*$B12,0) -> 0 | H12: =IFERROR(_xlfn.XLOOKUP($A12,Database!$A$2:$A$100,Database!G$2:G$100)*$B12,0) -> 0 | I12: =IFERROR(_xlfn.XLOOKUP($A12,Database!$A$2:$A$100,Database!H$2:H$100)*$B12,0) -> 0 | J12: =IFERROR(_xlfn.XLOOKUP($A12,Database!$A$2:$A$100,Database!I$2:I$100)*$B12,0) -> 0
C13: =IFERROR(_xlfn.XLOOKUP($A13,Database!$A$2:$A$100,Database!B$2:B$100)*$B13,0) -> 0 | D13: =IFERROR(_xlfn.XLOOKUP($A13,Database!$A$2:$A$100,Database!C$2:C$100)*$B13,0) -> 0 | E13: =IFERROR(_xlfn.XLOOKUP($A13,Database!$A$2:$A$100,Database!D$2:D$100)*$B13,0) -> 0 | F13: =IFERROR(_xlfn.XLOOKUP($A13,Database!$A$2:$A$100,Database!E$2:E$100)*$B13,0) -> 0 | G13: =IFERROR(_xlfn.XLOOKUP($A13,Database!$A$2:$A$100,Database!F$2:F$100)*$B13,0) -> 0 | H13: =IFERROR(_xlfn.XLOOKUP($A13,Database!$A$2:$A$100,Database!G$2:G$100)*$B13,0) -> 0 | I13: =IFERROR(_xlfn.XLOOKUP($A13,Database!$A$2:$A$100,Database!H$2:H$100)*$B13,0) -> 0 | J13: =IFERROR(_xlfn.XLOOKUP($A13,Database!$A$2:$A$100,Database!I$2:I$100)*$B13,0) -> 0
C14: =IFERROR(_xlfn.XLOOKUP($A14,Database!$A$2:$A$100,Database!B$2:B$100)*$B14,0) -> 0 | D14: =IFERROR(_xlfn.XLOOKUP($A14,Database!$A$2:$A$100,Database!C$2:C$100)*$B14,0) -> 0 | E14: =IFERROR(_xlfn.XLOOKUP($A14,Database!$A$2:$A$100,Database!D$2:D$100)*$B14,0) -> 0 | F14: =IFERROR(_xlfn.XLOOKUP($A14,Database!$A$2:$A$100,Database!E$2:E$100)*$B14,0) -> 0 | G14: =IFERROR(_xlfn.XLOOKUP($A14,Database!$A$2:$A$100,Database!F$2:F$100)*$B14,0) -> 0 | H14: =IFERROR(_xlfn.XLOOKUP($A14,Database!$A$2:$A$100,Database!G$2:G$100)*$B14,0) -> 0 | I14: =IFERROR(_xlfn.XLOOKUP($A14,Database!$A$2:$A$100,Database!H$2:H$100)*$B14,0) -> 0 | J14: =IFERROR(_xlfn.XLOOKUP($A14,Database!$A$2:$A$100,Database!I$2:I$100)*$B14,0) -> 0
C15: =IFERROR(_xlfn.XLOOKUP($A15,Database!$A$2:$A$100,Database!B$2:B$100)*$B15,0) -> 0 | D15: =IFERROR(_xlfn.XLOOKUP($A15,Database!$A$2:$A$100,Database!C$2:C$100)*$B15,0) -> 0 | E15: =IFERROR(_xlfn.XLOOKUP($A15,Database!$A$2:$A$100,Database!D$2:D$100)*$B15,0) -> 0 | F15: =IFERROR(_xlfn.XLOOKUP($A15,Database!$A$2:$A$100,Database!E$2:E$100)*$B15,0) -> 0 | G15: =IFERROR(_xlfn.XLOOKUP($A15,Database!$A$2:$A$100,Database!F$2:F$100)*$B15,0) -> 0 | H15: =IFERROR(_xlfn.XLOOKUP($A15,Database!$A$2:$A$100,Database!G$2:G$100)*$B15,0) -> 0 | I15: =IFERROR(_xlfn.XLOOKUP($A15,Database!$A$2:$A$100,Database!H$2:H$100)*$B15,0) -> 0 | J15: =IFERROR(_xlfn.XLOOKUP($A15,Database!$A$2:$A$100,Database!I$2:I$100)*$B15,0) -> 0
C16: =IFERROR(_xlfn.XLOOKUP($A16,Database!$A$2:$A$100,Database!B$2:B$100)*$B16,0) -> 0 | D16: =IFERROR(_xlfn.XLOOKUP($A16,Database!$A$2:$A$100,Database!C$2:C$100)*$B16,0) -> 0 | E16: =IFERROR(_xlfn.XLOOKUP($A16,Database!$A$2:$A$100,Database!D$2:D$100)*$B16,0) -> 0 | F16: =IFERROR(_xlfn.XLOOKUP($A16,Database!$A$2:$A$100,Database!E$2:E$100)*$B16,0) -> 0 | G16: =IFERROR(_xlfn.XLOOKUP($A16,Database!$A$2:$A$100,Database!F$2:F$100)*$B16,0) -> 0 | H16: =IFERROR(_xlfn.XLOOKUP($A16,Database!$A$2:$A$100,Database!G$2:G$100)*$B16,0) -> 0 | I16: =IFERROR(_xlfn.XLOOKUP($A16,Database!$A$2:$A$100,Database!H$2:H$100)*$B16,0) -> 0 | J16: =IFERROR(_xlfn.XLOOKUP($A16,Database!$A$2:$A$100,Database!I$2:I$100)*$B16,0) -> 0
C17: =IFERROR(_xlfn.XLOOKUP($A17,Database!$A$2:$A$100,Database!B$2:B$100)*$B17,0) -> 0 | D17: =IFERROR(_xlfn.XLOOKUP($A17,Database!$A$2:$A$100,Database!C$2:C$100)*$B17,0) -> 0 | E17: =IFERROR(_xlfn.XLOOKUP($A17,Database!$A$2:$A$100,Database!D$2:D$100)*$B17,0) -> 0 | F17: =IFERROR(_xlfn.XLOOKUP($A17,Database!$A$2:$A$100,Database!E$2:E$100)*$B17,0) -> 0 | G17: =IFERROR(_xlfn.XLOOKUP($A17,Database!$A$2:$A$100,Database!F$2:F$100)*$B17,0) -> 0 | H17: =IFERROR(_xlfn.XLOOKUP($A17,Database!$A$2:$A$100,Database!G$2:G$100)*$B17,0) -> 0 | I17: =IFERROR(_xlfn.XLOOKUP($A17,Database!$A$2:$A$100,Database!H$2:H$100)*$B17,0) -> 0 | J17: =IFERROR(_xlfn.XLOOKUP($A17,Database!$A$2:$A$100,Database!I$2:I$100)*$B17,0) -> 0
... C100: =IFERROR(_xlfn.XLOOKUP($A100,Database!$A$2:$A$100,Database!B$2:B$100)*$B100,0) -> 0 | D100: =IFERROR(_xlfn.XLOOKUP($A100,Database!$A$2:$A$100,Database!C$2:C$100)*$B100,0) -> 0 | E100: =IFERROR(_xlfn.XLOOKUP($A100,Database!$A$2:$A$100,Database!D$2:D$100)*$B100,0) -> 0 | F100: =IFERROR(_xlfn.XLOOKUP($A100,Database!$A$2:$A$100,Database!E$2:E$100)*$B100,0) -> 0 | G100: =IFERROR(_xlfn.XLOOKUP($A100,Database!$A$2:$A$100,Database!F$2:F$100)*$B100,0) -> 0 | H100: =IFERROR(_xlfn.XLOOKUP($A100,Database!$A$2:$A$100,Database!G$2:G$100)*$B100,0) -> 0 | I100: =IFERROR(_xlfn.XLOOKUP($A100,Database!$A$2:$A$100,Database!H$2:H$100)*$B100,0) -> 0 | J100: =IFERROR(_xlfn.XLOOKUP($A100,Database!$A$2:$A$100,Database!I$2:I$100)*$B100,0) -> 0

Sheet Uitleg
A1: Brassers — zelfstandig Excel-overzicht
A3: Onderdeel | B3: Uitleg | C3: Bron | D3: Laatst bijgewerkt
A4: Websitegegevens | B4: Producten, voorraad, grondstoffen en recepten worden automatisch vernieuwd. | C4: SvelteKit + Prisma | D4: 46294.495
A5: Zelfstandig gebruik | B5: De tabbladen en formules blijven werken wanneer de website niet actief is. | C5: Excel | D5: Direct beschikbaar
A6: Excel naar website | B6: Wijzigingen die alleen in Excel worden gemaakt gaan niet automatisch terug. | C6: Alleen-lezen synchronisatie | D6: Voorkomt conflicten
A7: Handmatige calculator | B7: Gebruik Recepten en Database voor losse berekeningen. | C7: Excel-formules | D7: Maximaal 100 regels

Sheet Producten
A1: Producten en gewichtsvarianten
A2: Automatisch uit Prisma. Gewichten staan in gram.
A4: Product-ID | B4: Variant-ID | C4: Productnaam | D4: Gewicht (g)
A5: 2 | B5: 4 | C5: Speltpittenbrood | D5: 500
A6: 2 | B6: 5 | C6: Speltpittenbrood | D6: 1000
A7: 2 | B7: 6 | C7: Speltpittenbrood | D7: 2500
A8: 1 | B8: 1 | C8: Volkoren tarwemeel | D8: 1000
A9: 1 | B9: 2 | C9: Volkoren tarwemeel | D9: 2500
A10: 1 | B10: 3 | C10: Volkoren tarwemeel | D10: 5000

Sheet Voorraad
A1: Actuele winkelvoorraad en productieadvies
A2: Blauwe cellen zijn lokaal aanpasbaar; de advieskolommen rekenen opnieuw.
A4: Voorraad-ID | B4: Variant-ID | C4: Product | D4: Gewicht (g) | E4: Actueel | F4: Vakcapaciteit | G4: Per ronde | H4: Nog nodig | I4: Rondes | J4: Te maken | K4: Extra | L4: Status | M4: Bijgewerkt
A5: 4 | B5: 4 | C5: Speltpittenbrood | D5: 500 | E5: 0 | F5: 1 | G5: 1 | H5: =MAX(0,F5-E5) -> 1 | I5: =IF(H5=0,0,ROUNDUP(H5/G5,0)) -> 1 | J5: =I5*G5 -> 1 | K5: =MAX(0,J5-H5) -> 0 | L5: =IF(E5=0,"Leeg",IF(E5/F5<=0.25,"Laag",IF(E5<F5,"Aanvullen","Op niveau"))) -> Leeg | M5: 2026-09-11T08:33:27.000Z
A6: 5 | B6: 5 | C6: Speltpittenbrood | D6: 1000 | E6: 0 | F6: 1 | G6: 1 | H6: =MAX(0,F6-E6) -> 1 | I6: =IF(H6=0,0,ROUNDUP(H6/G6,0)) -> 1 | J6: =I6*G6 -> 1 | K6: =MAX(0,J6-H6) -> 0 | L6: =IF(E6=0,"Leeg",IF(E6/F6<=0.25,"Laag",IF(E6<F6,"Aanvullen","Op niveau"))) -> Leeg | M6: 2026-09-11T08:33:27.000Z
A7: 6 | B7: 6 | C7: Speltpittenbrood | D7: 2500 | E7: 0 | F7: 1 | G7: 1 | H7: =MAX(0,F7-E7) -> 1 | I7: =IF(H7=0,0,ROUNDUP(H7/G7,0)) -> 1 | J7: =I7*G7 -> 1 | K7: =MAX(0,J7-H7) -> 0 | L7: =IF(E7=0,"Leeg",IF(E7/F7<=0.25,"Laag",IF(E7<F7,"Aanvullen","Op niveau"))) -> Leeg | M7: 2026-09-11T08:33:27.000Z
A8: 1 | B8: 1 | C8: Volkoren tarwemeel | D8: 1000 | E8: 1 | F8: 1 | G8: 1 | H8: =MAX(0,F8-E8) -> 0 | I8: =IF(H8=0,0,ROUNDUP(H8/G8,0)) -> 0 | J8: =I8*G8 -> 0 | K8: =MAX(0,J8-H8) -> 0 | L8: =IF(E8=0,"Leeg",IF(E8/F8<=0.25,"Laag",IF(E8<F8,"Aanvullen","Op niveau"))) -> Op niveau | M8: 2026-09-11T08:35:46.000Z
A9: 2 | B9: 2 | C9: Volkoren tarwemeel | D9: 2500 | E9: 0 | F9: 1 | G9: 1 | H9: =MAX(0,F9-E9) -> 1 | I9: =IF(H9=0,0,ROUNDUP(H9/G9,0)) -> 1 | J9: =I9*G9 -> 1 | K9: =MAX(0,J9-H9) -> 0 | L9: =IF(E9=0,"Leeg",IF(E9/F9<=0.25,"Laag",IF(E9<F9,"Aanvullen","Op niveau"))) -> Leeg | M9: 2026-09-11T08:33:27.000Z
A10: 3 | B10: 3 | C10: Volkoren tarwemeel | D10: 5000 | E10: 0 | F10: 1 | G10: 1 | H10: =MAX(0,F10-E10) -> 1 | I10: =IF(H10=0,0,ROUNDUP(H10/G10,0)) -> 1 | J10: =I10*G10 -> 1 | K10: =MAX(0,J10-H10) -> 0 | L10: =IF(E10=0,"Leeg",IF(E10/F10<=0.25,"Laag",IF(E10<F10,"Aanvullen","Op niveau"))) -> Leeg | M10: 2026-09-11T08:33:27.000Z

Sheet Voorraadhistorie
A1: Laatste voorraadtellingen
A2: De meest recente 100 tellingen uit de website.
A4: Mutatie-ID | B4: Voorraad-ID | C4: Product | D4: Gewicht (g) | E4: Vorige | F4: Nieuw | G4: Verschil | H4: Door | I4: Notitie | J4: Moment
A5: 1 | B5: 1 | C5: Volkoren tarwemeel | D5: 1000 | E5: 0 | F5: 1 | G5: 1 | H5: Twan | J5: 2026-09-11T08:35:46.000Z

Sheet Receptregels website
A1: Recepten uit de website
A2: Iedere rij is één grondstof in één productvariant.
A4: Recept-ID | B4: Variant-ID | C4: Product | D4: Eindgewicht (g) | E4: Regel-ID | F4: Grondstof-ID | G4: Grondstof | H4: Hoeveelheid (g) | I4: Bijgewerkt

Sheet Voedingswaarden website
A1: Voedingswaarden per product
A2: Per 100 gram berekend uit de recepten. De laatste kolom bevat kopieerbare tekst.
A4: Recept-ID | B4: Variant-ID | C4: Product | D4: Gewicht (g) | E4: Energie (kJ) | F4: Energie (kcal) | G4: Vet (g) | H4: Verzadigd (g) | I4: Koolhydraten (g) | J4: Suikers (g) | K4: Eiwit (g) | L4: Zout (g) | M4: Kopieerbare tekst
